,load_kw,cat1,cat2,lgb1,lgb2,xgb1,xgb2
2021/01/17 08:00,993843.4321,1066307.35,,1057340.25,,1076289.1,
2021/01/17 09:00,1022724.932,1086737.84,,1081942.37,,1087080.2,
2021/01/17 10:00,1046057.432,1108747.03,,1133014,,1129314,
2021/01/17 11:00,1059846.432,1124846.15,,1146414.17,,1151524.4,
2021/01/17 12:00,1062641.932,1126027.12,,1155812.39,,1148899.9,
2021/01/17 13:00,1057551.432,1114487.83,,1152299.43,,1161326.8,
2021/01/17 14:00,1050042.432,1127874.6,,1141932.43,,1160968.4,
2021/01/17 15:00,1043467.432,1127717.97,,1144359.44,,1155749.6,
2021/01/17 16:00,1040293.432,1122184.25,,1142834.99,,1155238.5,
2021/01/17 17:00,1037830.432,1117169.01,,1116646.47,,1113745.1,
2021/01/17 18:00,1050997.932,1115344.52,,1109390.47,,1115312.8,
2021/01/17 19:00,1056883.932,1116433.21,,1114842.23,,1122206,
2021/01/17 20:00,1047564.432,1097529.11,,1092803.73,,1096406.6,
2021/01/17 21:00,1032530.932,1075874.92,,1071797.62,,1076411.5,
2021/01/17 22:00,1013138.932,1044353.77,,1047880.57,,1046539.25,
2021/01/17 23:00,987965.9321,1014114.14,,1009091.19,,1008209.1,
2021/01/18 00:00,973915.4321,988687.598,,989212.84,,990482.8,
2021/01/18 01:00,961728.9321,978439.691,,978452.048,,976783.44,
2021/01/18 02:00,954980.4321,964943.443,,964193.615,,962428.3,
2021/01/18 03:00,953112.4321,959303.376,,961620.46,,957356.06,
2021/01/18 04:00,953025.4321,960789.576,,963601.183,,959358.3,
2021/01/18 05:00,960618.4321,968105.831,,965458.171,,967025.7,
2021/01/18 06:00,984073.9321,985964.526,,988281.211,,985416.56,
2021/01/18 07:00,1035435.432,1028826.75,,1026946.1,,1023819.8,
2021/01/18 08:00,1118445.432,1075613.47,1072591.9,1074417.33,1069963.04,1079161.1,1082327.6
2021/01/18 09:00,1191149.932,1178044.8,1150514.6,1142477.11,1117281.3,1143329.6,1140001.4
2021/01/18 10:00,1239397.932,1206445.25,1187635.6,1187551.62,1148257.08,1180432.2,1177782
2021/01/18 11:00,1258138.432,1211064.27,1151198,1194471.32,1161107.69,1173307.8,1186217.8
2021/01/18 12:00,1263172.932,1208938.51,1145364.4,1194471.32,1162039.63,1182737.8,1186217.8
2021/01/18 13:00,1250564.432,1199323.28,1153224.8,1200457.76,1162039.63,1186109.2,1168146.2
2021/01/18 14:00,1259008.432,1217317.18,1139781.3,1199080.97,1160172.14,1176155.6,1168674
2021/01/18 15:00,1257538.432,1205931.4,1132753.3,1188532.73,1149623.89,1181175.8,1177190.2
2021/01/18 16:00,1244683.932,1198752.01,1123670,1192181.14,1152886.6,1163837.8,1148898
2021/01/18 17:00,1210587.932,1136431.98,1116607.7,1147965.24,1117084.74,1151405.8,1137132.5
2021/01/18 18:00,1179904.932,1160843.72,1118194.5,1131533.02,1103690.52,1146506.9,1137698.1
2021/01/18 19:00,1143511.432,1112499.78,1105978.8,1090148.67,1101302.7,1110556.4,1117934.1
2021/01/18 20:00,1111501.932,1083539.45,1093101.1,1077062.49,1089024.87,1102069.6,1093876.1
2021/01/18 21:00,1080845.932,1048553.51,1064103.5,1049866.38,1060244.65,1052000.2,1066279.8
2021/01/18 22:00,1050945.432,1021094.47,1038702.5,1017927,1044536.39,1033382.5,1044574.9
2021/01/18 23:00,1009403.432,995850.926,1007294.6,992573.775,1005384.68,992733.44,1002624.9
2021/01/19 00:00,1009052.932,973821.743,984214.39,982330.596,992689.667,977841.8,986242.44
2021/01/19 01:00,995232.4321,961141.797,973008.71,968133.64,980834.453,955429.2,970247.44
2021/01/19 02:00,984778.9321,958362.544,965621.62,966877.333,968133.64,952773.44,960790.3
2021/01/19 03:00,977590.4321,955249.193,956490.44,955501.981,963661.734,949013.25,955236.1
2021/01/19 04:00,977562.4321,954826.825,957776.43,955501.981,963661.734,948847.1,955070
2021/01/19 05:00,987682.9321,959583.373,966238,963661.734,963661.734,956336.56,963789.8
2021/01/19 06:00,1002447.432,979765.366,982312.23,985412.174,987371.858,982726.44,984739.3
2021/01/19 07:00,1045921.932,1015420.69,1010850.7,1017047.81,1008545.45,1017767.2,1007163.2
2021/01/19 08:00,1123151.432,1089763.73,1061923.7,1060769.4,1041080.29,1067231.5,1033626.9
2021/01/19 09:00,1196635.932,1169559.22,1148544.4,1095711.28,1036365.69,1121564.4,1080683.1
2021/01/19 10:00,1239865.932,1178670.23,1139949.4,1145333.54,1078601.29,1142511.8,1080222.5
2021/01/19 11:00,1250477.932,1210633.48,1136890.2,1203379.83,1082913.38,1195387.2,1074690.2
2021/01/19 12:00,1246598.432,1205928.19,1133333.2,1202066.77,1081600.33,1184415,1073022.8
2021/01/19 13:00,1236429.432,1182690.4,1126022.2,1163080.59,1094913.7,1159723.5,1097495.8
2021/01/19 14:00,1242167.432,1202719.7,1142053.7,1199425.77,1088380.91,1199435.5,1079344
2021/01/19 15:00,1238717.932,1201574.73,1139942,1199425.77,1077661.16,1193813.2,1081211.2
2021/01/19 16:00,1227064.432,1194125.54,1137539.4,1162808.45,1079593.63,1155205,1069774.2
2021/01/19 17:00,1208425.432,1181807.88,1096406.1,1121962.86,1054692.83,1111876.5,1060909
2021/01/19 18:00,1180206.432,1155182.74,1134097.7,1092905.49,1057384.09,1114584.1,1093458.6
2021/01/19 19:00,1148609.932,1127821.22,1091576.4,1094481.17,1067565.81,1121987.2,1094710.5
2021/01/19 20:00,1114182.932,1092357.86,1079091.2,1081039.32,1061808.52,1095917.8,1088499
2021/01/19 21:00,1083262.432,1069623.98,1045733.1,1056853.2,1044607.41,1074410.2,1039374.8
2021/01/19 22:00,1040727.932,1038739.13,1022870.7,1034759.42,1018903.45,1041609.25,1027931.9
2021/01/19 23:00,1007199.432,994540.389,982552.88,998528.04,990113.558,996645.75,988969.75
2021/01/20 00:00,1006014.432,1001708.51,974752.2,998342.073,979105.832,1002237.7,981077.56
2021/01/20 01:00,991381.4321,982753.656,953186.58,985200.257,961505.658,984296.94,953798.44
2021/01/20 02:00,979452.9321,977691.427,950253.66,978529.77,961505.658,977123.56,943889.44
2021/01/20 03:00,972410.4321,968441.069,952055.67,970000.197,956819.249,971503.7,950298.06
2021/01/20 04:00,970908.9321,969965.38,952939.08,969379.899,953875.542,968096.94,947053.3
2021/01/20 05:00,981331.4321,981544.587,954829.05,979751.482,958764.228,980471.7,949818.94
2021/01/20 06:00,999698.9321,997779.946,977456.83,994057.737,986353.437,998853.94,982823.8
2021/01/20 07:00,1047699.932,1046310.35,1023808.4,1046703.85,1023483.83,1045631.5,1028781.6
2021/01/20 08:00,1125823.932,1121780.35,1107536.2,1116716.18,1083962.33,1128971.5,1100999
2021/01/20 09:00,1197529.432,1194642.76,1185123.5,1186274.18,1135369.37,1183110.4,1146643.4
2021/01/20 10:00,1242598.432,1234778.66,1206884.5,1229607.07,1194595.84,1236401.4,1178580
2021/01/20 11:00,1254095.682,1242976.39,1223819.3,1242062.6,1224558.43,1244527.8,1200450.5
2021/01/20 12:00,1247829.682,1242266.18,1225732.2,1239697.11,1224558.43,1250116.4,1209678.6
2021/01/20 13:00,1238577.932,1226770.64,1203314.9,1224958.96,1197438.73,1232859.4,1186645.2
2021/01/20 14:00,1242519.432,1225748.88,1206209.1,1230790.37,1212354.86,1245515.9,1201623.9
2021/01/20 15:00,1238627.932,1228899.85,1208127.9,1235555.3,1217119.78,1242727.9,1202892.6
2021/01/20 16:00,1227874.432,1221849.19,1204808.5,1218709.53,1197207.11,1230421.1,1168863.8
2021/01/20 17:00,1210120.432,1202812.2,1191383.3,1194429.12,1157916.27,1201555.4,1172858.8
2021/01/20 18:00,1183510.432,1182393.57,1165957.7,1166077.95,1123418.19,1174811.9,1140840.4
2021/01/20 19:00,1151113.932,1144972.82,1132338.4,1140307.99,1111838.02,1144774.8,1130810.8
2021/01/20 20:00,1119319.432,1114123.02,1105531.6,1110095.42,1091019.1,1118157.9,1107169.6
2021/01/20 21:00,1088118.932,1083577.48,1072837.7,1081539.31,1062409.66,1083823.2,1078758.5
2021/01/20 22:00,1061746.432,1045929.89,1043289.2,1039472.13,1038322.51,1034581.2,1039652.8
2021/01/20 23:00,1034345.932,1011264.62,1001043.5,1009099.46,1002132.35,1008945.5,1002700.9
2021/01/21 00:00,1012663.932,1006662.67,999636.31,1004968.44,998001.333,1002431.2,998856.8
2021/01/21 01:00,994428.9321,989867.06,981820.75,992130.831,985705.366,993843.4,984095.6
2021/01/21 02:00,983656.9321,974873.261,974873.26,978640.635,978640.635,981348.75,976876.5
2021/01/21 03:00,974006.9321,970509.981,968047.84,971040.464,969773.312,969353.75,969353.75
2021/01/21 04:00,974897.4321,968879.442,968879.44,971040.464,969773.312,969014.25,964111.9
2021/01/21 05:00,982388.9321,979067.948,979067.95,979167.625,979167.625,979988.6,979988.6
2021/01/21 06:00,1001582.932,997901.694,994833.87,994455.216,994455.216,1000432.3,1000432.3
2021/01/21 07:00,1054012.432,1047126.92,1047126.9,1047696.26,1047696.26,1044791.75,1044447.3
2021/01/21 08:00,1129455.932,1121707.38,1120667.6,1120142.45,1109576.94,1119269.5,1119456
2021/01/21 09:00,1198812.432,1199943.18,1199259.1,1190536.76,1179237.82,1192493.1,1182452.4
2021/01/21 10:00,1245237.932,1239843.4,1239006.9,1223653.99,1212215.04,1240958.8,1234941.4
2021/01/21 11:00,1255455.932,1245864.73,1235656.1,1233792.72,1230512.77,1244664,1243857.5
2021/01/21 12:00,1249894.432,1240869.28,1231298.9,1232660.9,1232660.9,1245145.8,1244683.2
2021/01/21 13:00,1239950.432,1236522.05,1232705.3,1223508.02,1212800.95,1238615.4,1233833.6
2021/01/21 14:00,1244936.932,1233282.24,1229465.5,1228100.2,1225557.3,1247746.5,1247746.5
2021/01/21 15:00,1245359.932,1232419.66,1230017.8,1225741.65,1223198.76,1242169.4,1245362.2
2021/01/21 16:00,1234888.432,1235870.52,1233572.6,1211613.15,1208512.72,1234856.5,1236393.2
2021/01/21 17:00,1208354.432,1207156.73,1199351.2,1193516.35,1185890.17,1200553.9,1196804.9
2021/01/21 18:00,1181290.432,1179925.66,1179159.3,1170844.43,1163363.38,1180411.1,1173941.6
2021/01/21 19:00,1149980.432,1150671.89,1145744.9,1140251.33,1138458.06,1150472.2,1140943.8
2021/01/21 20:00,1112456.432,1118643.9,1118643.9,1115311.25,1105583.76,1121276,1121276
2021/01/21 21:00,1081436.432,1087244.43,1085049.9,1084294.14,1078945.39,1091504.5,1089708
2021/01/21 22:00,1057375.432,1053575.96,1043153.7,1059509.84,1038635.58,1067513.8,1039783.6
2021/01/21 23:00,1035111.932,1030086.42,1014952.6,1026497.36,1009099.46,1031203.94,1008174.4
2021/01/22 00:00,1017534.432,1009638.46,1005361.2,1005510.54,1001422.32,1005356.44,998032.8
2021/01/22 01:00,999767.9321,991572.514,988545.47,993578.203,992130.831,996152.7,996152.7
2021/01/22 02:00,990777.4321,980395.654,972732.01,978566.604,976362.546,981605.2,979933.3
2021/01/22 03:00,981937.4321,971768.341,968312,969767.992,969767.992,973857.3,966113.06
2021/01/22 04:00,980741.4321,973426.813,969970.48,973195.175,971040.464,975620.2,967547.7
2021/01/22 05:00,990397.4321,978449.178,972828.27,980248.355,978044.298,986663.2,984991.3
2021/01/22 06:00,1004508.932,996374.404,992885.28,995692.319,994455.216,998458.94,998317.3
2021/01/22 07:00,1053957.932,1052173.54,1047088.8,1054049.07,1047696.26,1049410.5,1045851.6
2021/01/22 08:00,1124165.432,1128169.94,1124137.1,1124530.96,1117758.9,1128953.5,1123231
2021/01/22 09:00,1192566.932,1203396.78,1203396.8,1185933.33,1182647.64,1199828.2,1190535
2021/01/22 10:00,1236891.932,1250209.96,1236422.6,1227829.01,1213590.02,1246475.4,1246475.4
2021/01/22 11:00,1255988.932,1253356.99,1251045.1,1251560.81,1234170.44,1263916.1,1245899.4
2021/01/22 12:00,1256840.432,1253221.29,1238141.2,1249904.31,1241623.11,1246017.6,1242429.6
2021/01/22 13:00,1242167.432,1237723.2,1237987.3,1234923.96,1220684.98,1241621.5,1241621.5
2021/01/22 14:00,1236817.432,1252112.39,1235205,1246624.36,1234129.57,1246668.1,1248714.9
2021/01/22 15:00,1218726.932,1252385.32,1235478,1234923.96,1220684.98,1242010.1,1242010.1
2021/01/22 16:00,1204634.932,1241910.09,1241910.1,1223862.57,1206616.9,1233666.9,1233666.9
2021/01/22 17:00,1179864.932,1202272.74,1202272.7,1197555.51,1190115.14,1210283.2,1205989.2
2021/01/22 18:00,1155214.932,1181702.57,1179577.7,1179472.09,1175196.54,1184806,1184806
2021/01/22 19:00,1123258.432,1157422.62,1157422.6,1143962.98,1139495.12,1150955.9,1150955.9
2021/01/22 20:00,1098348.932,1111186.1,1116087.9,1111289.55,1111876.83,1117018.2,1121681
2021/01/22 21:00,1064503.432,1081862.19,1087726.5,1078703.37,1082813.93,1082199,1087128.2
2021/01/22 22:00,1037161.432,1055348.15,1048269.2,1059580.48,1059580.48,1054091.2,1062281
2021/01/22 23:00,1011063.432,1034816.2,1033278,1027818.81,1022604.47,1031042.9,1028133.8
2021/01/23 00:00,992006.4321,1016090.1,1009019,1013938.62,1002557.59,1014824.25,1000529.4
2021/01/23 01:00,977087.4321,996797.038,990529.51,994815.307,992130.831,1001288.7,997782.8
2021/01/23 02:00,967218.4321,988515.954,974789.82,985781.82,976844.198,989168.94,980082.2
2021/01/23 03:00,959674.4321,976425.462,966801.95,974832.097,968500.839,978275.3,967899.3
2021/01/23 04:00,958660.9321,977008.119,971050.82,976104.569,971040.464,980260.56,976461.44
2021/01/23 05:00,966002.4321,986833.168,974692.07,987578.257,979167.625,987452.2,987559.44
2021/01/23 06:00,978224.9321,1003199.05,993646.81,1001422.32,994455.216,1001641.7,998679.06
2021/01/23 07:00,1004984.932,1053206.78,1048417.7,1048954.41,1053807.05,1049290,1046075.4
2021/01/23 08:00,1056854.932,1083458.37,1083546.4,1094729.99,1094729.99,1095853.8,1095648.8
2021/01/23 09:00,1107468.932,1115489.97,1136537.9,1132954.25,1115459.78,1134559.2,1143769.8
2021/01/23 10:00,1152305.432,1162367.45,1172841.8,1189843.69,1181975.72,1187638.2,1191338.9
2021/01/23 11:00,1160229.932,1179267.29,1178449.1,1196978.63,1191736.63,1197626.8,1197626.8
2021/01/23 12:00,1158697.432,1181837.88,1181019.7,1202385.24,1194014.37,1195613.2,1190153.4
2021/01/23 13:00,1155110.932,1171250.88,1170414.4,1190999.95,1185821.33,1197020.9,1197020.9
2021/01/23 14:00,1158042.932,1173985.99,1184460.3,1196672.57,1199894.85,1184451.2,1187810.9
2021/01/23 15:00,1150792.432,1149474.29,1170352,1161483.18,1185651.75,1169995.5,1184637.9
2021/01/23 16:00,1146033.932,1147711.69,1165828.9,1158347.09,1179160.14,1169307.6,1186615
2021/01/23 17:00,1130120.932,1099291.08,1143511.6,1117264.92,1140607.35,1137069.8,1151403.2
2021/01/23 18:00,1114842.932,1132052.76,1140725.1,1109783.05,1119936.9,1117817.6,1141809.8
2021/01/23 19:00,1106064.432,1119023.65,1134411.3,1109056.44,1120691.12,1115581.6,1123353.4
2021/01/23 20:00,1086320.432,1092706.65,1095726,1090257.46,1094440.61,1089116.9,1101894.6
2021/01/23 21:00,1064037.932,1063385.41,1070572.4,1061681.39,1064411.29,1065273,1071471.5
2021/01/23 22:00,1040024.932,1039022.69,1047899.7,1036664.76,1055510.05,1040316.6,1053821.8
2021/01/23 23:00,1015290.432,1010393.42,1022167.5,1011511.66,1019312.46,1011045.1,1022456.6
2021/01/24 00:00,1003438.432,988708.05,1005308.2,990491.375,1002994.07,989587.6,1003167.3
2021/01/24 01:00,989788.9321,972219.933,986843.32,977936.875,990571.589,978529.3,994914.3
2021/01/24 02:00,977637.4321,968312.134,980525.84,965477.905,982916.29,967382.2,983990.2
2021/01/24 03:00,968907.4321,958946.451,971225.14,961215.679,972404.355,956585.94,971498.3
2021/01/24 04:00,965731.4321,958397.955,972384.99,962006.5,973195.175,955483.94,976424.8
2021/01/24 05:00,967659.9321,966185.312,979834.42,965283.461,986481.698,964148.7,983343.2
2021/01/24 06:00,968280.9321,979934.216,1000081.8,981490.581,994129.262,980158.94,997434.3
2021/01/24 07:00,973148.4321,1022346.36,1045729.7,1019185.63,1048011.12,1024840.3,1048619.2
2021/01/24 08:00,992946.9321,1000104.46,1017645.7,1001937.97,1028052.42,988104.9,1024064.8
2021/01/24 09:00,1019824.932,1010948.29,1017927.1,1028650.79,1032388.65,1015585.4,1036256
2021/01/24 10:00,1041089.432,1047705.08,1053244.6,1057430.8,1061230.84,1048153.75,1072363.5
2021/01/24 11:00,1053517.932,1052916.82,1061430.2,1063701.71,1069501.5,1053188,1074404
2021/01/24 12:00,1053177.432,1052975.37,1064235.4,1063111.31,1091286.8,1050143.8,1074404
2021/01/24 13:00,1047378.432,1048308.69,1059963,1059638.42,1067244.87,1049007.8,1073755.2
2021/01/24 14:00,1045147.932,1045167.55,1054185.2,1055241.13,1059041.16,1042652.6,1057828
2021/01/24 15:00,1042732.432,1042967.77,1042967.8,1054616.6,1055123.19,1042275.44,1057238.5
2021/01/24 16:00,1040811.932,1040995.31,1042959.7,1048317.03,1055372.43,1046728.8,1061431
2021/01/24 17:00,1038300.432,1040210.6,1024379.1,1043982.75,1043982.75,1043363.9,1044111
2021/01/24 18:00,1051251.932,1042183.84,1047947,1049653.21,1051444.59,1047089.56,1047687.8
2021/01/24 19:00,1058010.932,1066074.88,1073233.8,1074296.98,1074296.98,1071117.2,1070679.5
2021/01/24 20:00,1044992.432,1068714.48,1071281.8,1069082.75,1069171.12,1058817,1061207.8
2021/01/24 21:00,1034028.932,1057636.87,1052910.6,1054568.11,1053621.31,1042753.2,1043973.3
2021/01/24 22:00,1012481.432,1028798.91,1028798.9,1032738.67,1032738.67,1029248.25,1030323.5
2021/01/24 23:00,993471.9321,1006498.95,1003670.8,1005977.4,1006369.61,1002129.06,998086.44
2021/01/25 00:00,977582.4321,991778.525,980820.34,990363.702,983499.351,985015.4,974789.75
2021/01/25 01:00,963850.4321,980971.575,973228.47,982428.555,973931.13,981469.8,970296.7
2021/01/25 02:00,953950.4321,973625.547,970443.38,971192.483,960874.075,970419.44,962365.3
2021/01/25 03:00,949435.4321,961910.104,951478.9,965660.772,958237.495,962284.3,953680.2
2021/01/25 04:00,948553.9321,957587.408,950536.86,958764.228,958237.495,963431.7,954482.44
2021/01/25 05:00,956566.9321,969451.747,969451.75,964887.978,962146.547,964876.2,963403.44
2021/01/25 06:00,976279.9321,976823.738,980504.86,973264.436,981303.853,979500.3,982955.3
2021/01/25 07:00,1026962.932,1017512.33,1028364.8,1008076.17,1029529.29,1018080.4,1033261.6
2021/01/25 08:00,1109715.932,1104745.13,1103163.6,1102624.01,1102624.01,1112003,1114236
2021/01/25 09:00,1198933.432,1181923.31,1182273,1177592.32,1177592.32,1177023.9,1176820.4
2021/01/25 10:00,1236697.432,1236307.57,1232554.1,1244824.88,1242857.37,1261080.4,1259700.4
2021/01/25 11:00,1241249.432,1253830.08,1253830.1,1245626.79,1243645.99,1263594.1,1263594.1
2021/01/25 12:00,1236951.432,1253408.68,1253408.7,1248589.44,1243134.57,1265352.6,1265438.6
2021/01/25 13:00,1227512.932,1234381.82,1234229,1243251.75,1232867.52,1258809.4,1258809.4
2021/01/25 14:00,1231931.932,1240556.58,1240556.6,1245348.13,1243380.63,1263304.6,1263304.6
2021/01/25 15:00,1229842.432,1232694.62,1232694.6,1242308.32,1240340.81,1248880.4,1248880.4
2021/01/25 16:00,1219212.432,1233507.49,1233507.5,1238245.04,1237268.98,1247205.4,1245799.6
2021/01/25 17:00,1191945.932,1195073.88,1195073.9,1197016.43,1197016.43,1184437.6,1186082.1
2021/01/25 18:00,1165969.432,1157466.67,1160593.2,1158035.27,1158035.27,1156978.4,1156978.4
2021/01/25 19:00,1126124.432,1128191,1127699.1,1116964.76,1113844.1,1116850.8,1116992.8
2021/01/25 20:00,1095019.432,1092397.06,1095030.4,1087435.78,1087601.45,1097238.8,1093124.8
2021/01/25 21:00,1062350.932,1054401.65,1062046,1056388.18,1058517.75,1060335.8,1061137
2021/01/25 22:00,1035842.932,1024962.47,1037158.4,1024080.33,1040329.16,1030770.75,1038432
2021/01/25 23:00,1011445.432,1002321.58,1011193.3,998497.741,1008656.97,1005189.2,1008227.3
2021/01/26 00:00,1007463.932,990511.46,997015.14,991042.781,996009.674,996646.25,996741.5
2021/01/26 01:00,991619.9321,971025.53,987094.08,973784.573,987863.035,971992.8,981359.2
2021/01/26 02:00,982097.9321,966444.699,975665.73,962732.097,978165.718,967690.8,975239.8
2021/01/26 03:00,972524.9321,958432.048,961463.9,959973.888,968133.64,959242.1,963215.6
2021/01/26 04:00,974004.4321,958654.201,959636.62,955805.162,967263.373,958476.9,963437
2021/01/26 05:00,983433.9321,965847.024,975210.62,968511.915,970002.021,965647.3,967614.56
2021/01/26 06:00,998326.4321,987519.778,987519.78,985805.155,983650.444,986834.44,986820.56
2021/01/26 07:00,1043699.432,1032588.24,1022893.1,1033793.92,1017290.8,1029675.4,1020858.5
2021/01/26 08:00,1109715.932,1109799.57,1109723.1,1105238.89,1101999.35,1114281,1115179
2021/01/26 09:00,1198933.432,1189177.39,1179870.6,1193208.92,1181830.69,1197992.8,1178062.5
2021/01/26 10:00,1236697.432,1236553.49,1236553.5,1230336.41,1233584.47,1238124.8,1254786.2
2021/01/26 11:00,1241249.432,1234271.51,1247098.9,1232916.69,1232916.69,1245127.8,1265808.5
2021/01/26 12:00,1236951.432,1236075.31,1251056,1231624.99,1234873.04,1241391.8,1270913.5
2021/01/26 13:00,1227512.932,1233857.94,1234877.2,1227177.07,1232626.24,1233914.5,1252496.8
2021/01/26 14:00,1231931.932,1238922.52,1239675.1,1230336.41,1233584.47,1240446.8,1259960.8
2021/01/26 15:00,1229842.432,1234807.39,1235826.6,1227177.07,1232626.24,1235285.8,1247896
2021/01/26 16:00,1219212.432,1221579.98,1233146.5,1215028.33,1230301.22,1222108.5,1241892
2021/01/26 17:00,1191945.932,1193856.53,1193856.5,1173183.9,1176356,1181675,1181250.5
2021/01/26 18:00,1165969.432,1171478.82,1162159.1,1168014.14,1159848.6,1172872.8,1164677.5
2021/01/26 19:00,1126124.432,1130057.01,1130057,1129154.62,1120817.92,1131220.4,1123891.4
2021/01/26 20:00,1095019.432,1107637.13,1105566.8,1101012.94,1095134.38,1097523.8,1097523.8
2021/01/26 21:00,1062350.932,1065970.72,1063567.4,1063639.92,1061304.09,1069018.2,1065569.8
2021/01/26 22:00,1035842.932,1042774.57,1033231.2,1037696.19,1027463.16,1039012.94,1036196.9
2021/01/26 23:00,1011445.432,1011899.91,1004188.4,1013427.29,1002795.41,1010714.75,1006376.6
2021/01/27 00:00,1007463.932,1007276.59,994977.79,1006505.56,991705.766,1008258.06,997041.06
2021/01/27 01:00,991619.9321,988463.399,974504.6,995103.594,981598.182,995783.7,980085.7
2021/01/27 02:00,982097.9321,982210.493,971371.72,981068.251,968367.438,981461.94,970899.44
2021/01/27 03:00,972524.9321,971792.957,957896.85,976531.135,968367.438,972117.8,960274.94
2021/01/27 04:00,974004.4321,974139.274,959655.14,976531.135,966877.333,976593.44,958201.7
2021/01/27 05:00,983433.9321,982934.202,969769.88,982745.319,971108.869,982257.44,968317.7
2021/01/27 06:00,998326.4321,992343.61,986661.78,999538.446,993154.453,1000752.44,990427.8
2021/01/27 07:00,1043699.432,1047540.86,1041491,1045932.36,1037750.13,1052003.5,1041667.5
2021/01/27 08:00,1107329.932,1123236.76,1123236.8,1110437.97,1109655.8,1123559.4,1123788.9
2021/01/27 09:00,1178514.932,1211222.67,1208979.8,1189842.4,1184012.31,1201790,1201790
2021/01/27 10:00,1223218.932,1242484.42,1242484.4,1237738.84,1237738.84,1242886.2,1242886.2
2021/01/27 11:00,1240290.432,1234258.89,1233372.7,1239147.46,1237855.76,1253226.5,1253226.5
2021/01/27 12:00,1239589.432,1235281.42,1235281.4,1237484.89,1237484.89,1248903.2,1254403.5
2021/01/27 13:00,1226463.432,1236229.11,1237248.3,1231235.95,1229491.76,1235734.2,1237271
2021/01/27 14:00,1232753.932,1242580.73,1243876.5,1236922.02,1236922.02,1242265.5,1246428.1
2021/01/27 15:00,1230140.932,1241021.42,1242728,1229719.32,1227975.13,1227730.1,1229266.9
2021/01/27 16:00,1224256.432,1227636.36,1232385.4,1224736.27,1223601.87,1224549.2,1235765.2
2021/01/27 17:00,1205177.432,1210327.76,1210327.8,1193859.33,1191615.96,1190633.4,1189852.4
2021/01/27 18:00,1177717.932,1169527.78,1169817.2,1174557.18,1174557.18,1171136.2,1173713.5
2021/01/27 19:00,1145922.932,1134436.58,1135263.3,1135139.15,1135139.15,1133163.9,1133314
2021/01/27 20:00,1106469.432,1108802.05,1113555.2,1106498.21,1106498.21,1101094.5,1101094.5
2021/01/27 21:00,1075577.432,1065272.2,1069935,1062748.76,1068856.38,1069409.5,1072693.2
2021/01/27 22:00,1048418.432,1047607.76,1053122.1,1046063.48,1046063.48,1041079.9,1041079.9
2021/01/27 23:00,1025674.432,1013556.42,1013556.4,1019132.66,1019556.1,1012809.4,1008055.5
2021/01/28 00:00,1000903.432,1010968.25,1010968.2,1008212.44,1008212.44,1007114.2,1007114.2
2021/01/28 01:00,985024.9321,994421.591,992379.46,997311.531,998758.903,992481.56,996601.44
2021/01/28 02:00,975231.9321,983806.721,983806.72,983477.676,983477.676,987026.7,986764.3
2021/01/28 03:00,963348.9321,978165.36,975703.22,976297.337,978452.048,972683.9,972683.9
2021/01/28 04:00,960581.4321,979487.308,979487.31,976297.337,978452.048,975033,975098.4
2021/01/28 05:00,964204.4321,986018.007,984886.57,983520.162,983520.162,986044.56,986044.56
2021/01/28 06:00,983277.9321,997858.383,995474.69,1002124.08,1002124.08,999768.94,999768.94
2021/01/28 07:00,1027584.432,1045732.87,1046944.9,1047818.7,1050536.33,1049896.8,1049630.2
2021/01/28 08:00,1104799.432,1110543.36,1123474.1,1105183.7,1105965.87,1113959,1123253.5
2021/01/28 09:00,1175414.932,1203310.23,1210208.9,1181623.83,1186464.99,1188848.2,1206133.4
2021/01/28 10:00,1218636.932,1228699.56,1232564.4,1226100.17,1234264.34,1239479.8,1249343.6
2021/01/28 11:00,1231365.932,1234798.8,1233912.6,1238900.67,1238900.67,1238006,1243781.1
2021/01/28 12:00,1226813.432,1235330.64,1234444.5,1239434.09,1236186.04,1243504.2,1249279.4
2021/01/28 13:00,1219078.432,1228384.14,1231918.1,1226544.53,1234708.7,1229099.2,1230636
2021/01/28 14:00,1228419.432,1237470.28,1238306.8,1234364.83,1234364.83,1241665,1249203.4
2021/01/28 15:00,1224015.432,1232969.67,1234316.5,1232216.7,1225796.73,1242715.5,1241178.8
2021/01/28 16:00,1217012.432,1231603.22,1234317.4,1219122,1219122,1234656.8,1234656.8
2021/01/28 17:00,1187899.932,1200486.83,1208536.5,1202511.13,1194281.5,1210188,1190308.6
2021/01/28 18:00,1158163.432,1174263.02,1171142,1178312.24,1176145.59,1179615.4,1172224.6
2021/01/28 19:00,1129527.432,1145103.18,1142998.2,1146227.03,1141890.92,1143249.8,1138119.1
2021/01/28 20:00,1096532.932,1109650.11,1109650.1,1109142.91,1109142.91,1111009.4,1107691.9
2021/01/28 21:00,1067669.932,1069173.1,1068000.2,1069535.07,1058813.69,1073745.2,1071706.2
2021/01/28 22:00,1040533.432,1042827.67,1042395.9,1049065.32,1048796.99,1043937.44,1034919.7
2021/01/28 23:00,1014231.932,1025755.62,1016496.7,1026247.59,1023918.11,1024389.06,1012170.2
2021/01/29 00:00,1013885.432,1003413.63,1012451.6,999654.669,1005384.68,1000142.7,1005082.1
2021/01/29 01:00,999659.9321,982578.329,988762.64,990729.983,999073.66,983655.2,992918.2
2021/01/29 02:00,986766.4321,976037.202,985796.56,980494.596,985081.058,977499.7,990059.94
2021/01/29 03:00,979544.9321,962024.013,975175.65,968133.64,978452.048,962652.44,971236.94
2021/01/29 04:00,980310.4321,961996.139,974583.97,968133.64,978452.048,958789.8,975328.44
2021/01/29 05:00,984988.9321,965318.974,985873.61,970176.188,985081.058,964781.94,984111.7
2021/01/29 06:00,1005286.432,981514.237,992850.97,988248.473,1001446.03,985116.44,998436.7
2021/01/29 07:00,1050187.432,1029312.47,1043932.5,1037571.87,1051035.56,1034388.94,1049988.5
2021/01/29 08:00,1125730.432,1114914.13,1115082.6,1111564.09,1111564.09,1108175.4,1113407.4
2021/01/29 09:00,1195753.432,1187312.18,1183887.4,1172122.15,1176397.7,1174335.8,1178006.8
2021/01/29 10:00,1239187.432,1222637.18,1232928.1,1216851.84,1218988.77,1200249.4,1228041.5
2021/01/29 11:00,1258515.932,1231733.78,1232193,1225885.44,1231064.07,1231121.4,1231121.4
2021/01/29 12:00,1261629.932,1228570.68,1232106.4,1219123.79,1231064.07,1223070.4,1243198.9
2021/01/29 13:00,1247483.432,1222907.02,1234491.6,1216851.84,1218988.77,1210891.9,1221699.1
2021/01/29 14:00,1255069.432,1233541.55,1235248.1,1220732.96,1225750.42,1228035.1,1246162
2021/01/29 15:00,1253183.432,1225772.87,1230824.8,1212957.02,1219718.67,1215228.2,1234873.6
2021/01/29 16:00,1246916.932,1215199.88,1225357.5,1211583.39,1211583.39,1220050.4,1229589.6
2021/01/29 17:00,1220813.432,1192551.54,1196834.6,1182127.18,1193767.69,1183130,1204568
2021/01/29 18:00,1194336.932,1161749.64,1170322,1154595.7,1171489.13,1159339.8,1180893.5
2021/01/29 19:00,1165659.932,1131889.43,1140473.4,1127897.42,1138395.32,1136158,1142402.8
2021/01/29 20:00,1129619.932,1106132.61,1108707.5,1099335.5,1103518.64,1102470.4,1112402.9
2021/01/29 21:00,1095986.932,1069654.96,1070015.2,1065720.56,1068203.58,1070571,1073016.2
2021/01/29 22:00,1063779.432,1045481.8,1047002,1038569.42,1048576.94,1033378.94,1044087.6
2021/01/29 23:00,1035869.932,1016752.73,1025498.1,1013187.67,1021283.02,1013864,1026665.9
2021/01/30 00:00,1022160.432,1009132.57,1000351.3,1010191.92,999136.601,1009058,1002037.8
2021/01/30 01:00,1005463.932,995676.702,983430.17,993027.032,987578.257,1001516.94,983996.3
2021/01/30 02:00,988940.4321,983692.939,972815.63,986164.976,978685.973,984656.06,974840.06
2021/01/30 03:00,976616.9321,972271.837,959721.42,976109.461,966150.079,979452.06,964077.06
2021/01/30 04:00,976699.4321,970825.233,957335.97,974832.097,964877.606,979026.94,959608.94
2021/01/30 05:00,982729.4321,985336.624,967889.71,983427.276,970558.278,982709.8,965317.7
2021/01/30 06:00,992207.4321,1003285.7,983643.91,999994.141,987578.257,999205.3,983652.8
2021/01/30 07:00,1018124.432,1028348.02,1016403.1,1031768.22,1022110.95,1033611.06,1024072.6
2021/01/30 08:00,1063698.432,1072461.66,1066671.2,1085296.18,1073446.11,1071177.6,1064727.1
2021/01/30 09:00,1128160.432,1103139.74,1102543.8,1112936.65,1113601.25,1118437.4,1095633.9
2021/01/30 10:00,1162426.932,1141741.43,1137247.8,1160652.7,1157518.08,1141409.1,1121321.8
2021/01/30 11:00,1174914.432,1161468.98,1147475.5,1170674.34,1161061.07,1148909.4,1141610.5
2021/01/30 12:00,1173269.432,1163142.67,1147487.4,1170674.34,1156187.12,1153754.1,1146163.6
2021/01/30 13:00,1163596.932,1145056.47,1136702.7,1160652.7,1157518.08,1148289.4,1127883.5
2021/01/30 14:00,1166472.932,1154046.73,1142311.1,1168520.65,1153716.16,1155627.1,1145485.2
2021/01/30 15:00,1163671.932,1146814.07,1136757.9,1159603.62,1147017.55,1143677.9,1133753.4
2021/01/30 16:00,1158255.932,1149652.58,1136387,1156377.17,1147017.55,1147088.9,1136658.6
2021/01/30 17:00,1145098.432,1140570.64,1118014.8,1152398,1127534.04,1134255.9,1116692.5
2021/01/30 18:00,1148356.432,1127755.41,1119407.5,1125496.74,1114220.27,1119154,1108606.5
2021/01/30 19:00,1137319.432,1129540.58,1113673.3,1128540.01,1110412.83,1127535.6,1117531
2021/01/30 20:00,1110247.932,1103609.81,1091268.9,1104094.58,1089013.74,1105667.6,1087489.1
2021/01/30 21:00,1083082.432,1085592.76,1065228.8,1081986.01,1058727.87,1075384.2,1061486
2021/01/30 22:00,1058742.932,1054417.56,1043689.4,1056336.44,1036154.1,1056131.8,1033131.4
2021/01/30 23:00,1035641.432,1026508.35,1012372,1026872.91,1012226.29,1029681.9,1011061
2021/01/31 00:00,1011907.932,1011880.63,1002672.8,1013587.78,1003733.69,1017876.1,1005506.1
2021/01/31 01:00,996324.9321,996997.793,985750.78,1000070.14,991655.662,1000854.2,999014.8
2021/01/31 02:00,986216.9321,981210.593,977536.99,985731.149,984712.727,984857.8,978002.44
2021/01/31 03:00,977414.9321,969261.246,967720.79,975776.579,975776.579,974778.06,978651.06
2021/01/31 04:00,971778.4321,970326.921,966324.32,973980.142,973980.142,974169.6,974169.6
2021/01/31 05:00,973878.9321,977479.764,980990.52,978910.792,978910.792,980971.3,980971.3
2021/01/31 06:00,979219.9321,987629.862,996761.46,988555.198,991239.674,991028.06,995531.2
2021/01/31 07:00,982489.4321,994176.926,1001065.2,1000828.78,1009144.7,996778.3,1001314.4
2021/01/31 08:00,1003437.932,1008067.82,1017515.4,1009053.97,1022370.21,992139.6,997513.25
2021/01/31 09:00,1031688.932,1023766.22,1006802.6,1025778.87,1022627.75,1028395.44,1027108.6
2021/01/31 10:00,1062876.432,1054974.92,1042260.6,1052835.5,1051951.95,1046360.9,1032451.6
2021/01/31 11:00,1073938.432,1059991.16,1052555.1,1059074.53,1059074.53,1064770.5,1048307.3
2021/01/31 12:00,1074424.932,1061496.24,1054638,1059074.53,1059074.53,1064054.8,1049053.2
2021/01/31 13:00,1068938.932,1058574,1045859.7,1053974.51,1053090.96,1051537.6,1047582
2021/01/31 14:00,1068203.432,1060321.59,1049350.7,1053974.51,1053974.51,1056130.2,1045805.8
2021/01/31 15:00,1064278.432,1058117.34,1047477.3,1050539.35,1049655.8,1048369.4,1035666.4
2021/01/31 16:00,1057771.432,1060029.93,1056024.8,1049655.8,1049655.8,1047379.9,1045024.9
2021/01/31 17:00,1056542.432,1058976.17,1058242.2,1055267.2,1064429.72,1045878.56,1045782.7
2021/01/31 18:00,1070378.932,1071682.19,1051084.6,1071039.58,1059512.87,1063403.1,1048811.9
2021/01/31 19:00,1076129.932,1098957,1087849.9,1095906.25,1093668.31,1101538.8,1089751.4
2021/01/31 20:00,1066564.932,1077538.02,1077461.6,1080597.1,1077435,1083355.5,1083355.5
2021/01/31 21:00,1050017.432,1068577.2,1069843.7,1059609.49,1059609.49,1070969.1,1062866.4
2021/01/31 22:00,1031329.932,1044527.59,1041068.8,1044963.28,1044963.28,1043541.25,1042267.8
2021/01/31 23:00,1011960.932,1023320.29,1018328.1,1021904.43,1015557.68,1023390.6,1016123.5
2021/02/01 00:00,993157.9321,1000570.46,999721.05,1000236.45,1002616.25,1001942.75,1009712.6
2021/02/01 01:00,979444.9321,983719.129,990373.81,982828.125,991297.282,979844.3,994973.56
2021/02/01 02:00,968421.4321,967659.856,971683.55,968018.954,978695.476,970112.7,982049.56
2021/02/01 03:00,962367.4321,959262.228,963769.34,967263.373,969082.636,960692.3,964108.7
2021/02/01 04:00,961100.4321,959149.965,963009.38,961397.663,966927.925,958026.3,964084.56
2021/02/01 05:00,967371.9321,966870.828,969525.97,969768.223,974056.539,967804.3,980627.56
2021/02/01 06:00,990460.9321,986808.673,984400.82,993081.84,984663.469,984638.3,988056.94
2021/02/01 07:00,1038706.932,1033745.28,1008123.8,1033492.47,1010291.76,1037038.25,1013260.7
2021/02/01 08:00,1116034.932,1108419.12,1103774.6,1102193.45,1091994.52,1115498,1105449.2
2021/02/01 09:00,1195707.432,1178172.71,1192092.3,1179348,1183787.11,1182306.5,1188446.9
2021/02/01 10:00,1239514.432,1235073.25,1236169.4,1220132.84,1239361.82,1233013.5,1249228.1
2021/02/01 11:00,1252030.932,1249699.34,1241943.2,1237385.03,1248545.46,1249110.8,1260397.6
2021/02/01 12:00,1246794.432,1241641.66,1243505.1,1237385.03,1248545.46,1241558,1264740.6
2021/02/01 13:00,1229618.932,1236081.69,1238659.3,1217344.47,1238196.3,1237993.2,1244127.1
2021/02/01 14:00,1230195.932,1234378.94,1240874.1,1218840.86,1242635.27,1239909.5,1255787.6
2021/02/01 15:00,1224062.432,1226288.49,1239093.5,1215542.55,1240814.36,1229154.5,1255825.6
2021/02/01 16:00,1213067.432,1220345.05,1233477.1,1207523.84,1225778.59,1211114.2,1237923.1
2021/02/01 17:00,1191903.432,1185781.16,1181342,1183796.28,1187350.32,1192481,1193348.5
2021/02/01 18:00,1169370.932,1171463.75,1154752.1,1156795.72,1155245.46,1159708.9,1157169.1
2021/02/01 19:00,1140817.932,1142017.79,1121278,1128030.46,1122158.36,1134738.5,1120568.4
2021/02/01 20:00,1108158.432,1101230.5,1096054.6,1098326.15,1086242.93,1102521.8,1102025.4
2021/02/01 21:00,1077085.932,1074352.7,1073336.7,1066563.53,1061877.06,1076318,1072077.5
2021/02/01 22:00,1048924.932,1038076.96,1044594.7,1041454.98,1047696.26,1036695.5,1042543.1
2021/02/01 23:00,1023253.432,1019150.67,1022763.7,1016067.91,1018643.68,1014586.2,1023061.4
2021/02/02 00:00,1006206.932,996890.157,1001511.6,1000147.51,1004576.73,999360.4,1005078.5
2021/02/02 01:00,990968.9321,981574.851,987226.78,986922.09,988299.74,982184.56,982184.56
2021/02/02 02:00,979290.9321,973355.342,972264.08,971108.869,971108.869,973224.7,973224.7
2021/02/02 03:00,973770.9321,960774.99,958852.56,967972.438,970713.869,964389.3,962159.56
2021/02/02 04:00,973641.9321,962093.641,960385.29,967972.438,967972.438,962642.2,960196.7
2021/02/02 05:00,978952.4321,969341.461,969341.46,972348.451,976503.565,966893.44,966893.44
2021/02/02 06:00,1002034.932,991209.281,991024.03,991126.61,994318.486,988263.2,983801.2
2021/02/02 07:00,1047764.932,1037636.91,1037087.4,1036796.57,1036785.5,1034299.8,1034299.8
2021/02/02 08:00,1125154.432,1119603.27,1115170.4,1110202.91,1101763.71,1122836.9,1122836.9
2021/02/02 09:00,1199823.932,1186356.83,1177989.2,1184671.73,1178883.57,1185832.8,1185040.8
2021/02/02 10:00,1242828.432,1231616.02,1230779.5,1232438.57,1221707.39,1243623.2,1239630.2
2021/02/02 11:00,1257425.432,1243990.35,1243990.4,1234375.28,1230718.09,1248314,1248314
2021/02/02 12:00,1255382.432,1243898.64,1235534,1231638.93,1230347.22,1240072,1238025.2
2021/02/02 13:00,1242702.932,1229691.58,1230710.8,1227009.15,1223041.3,1236542.9,1239489.1
2021/02/02 14:00,1246388.432,1232863.54,1233322.8,1231817.59,1224242.12,1236081.6,1241176.5
2021/02/02 15:00,1243381.932,1231968.12,1231968.1,1224317.64,1217661.1,1240433.9,1240433.9
2021/02/02 16:00,1238714.432,1217509.89,1224570.1,1206687.15,1206687.15,1213562,1213562
2021/02/02 17:00,1213390.932,1189139.55,1185724.3,1192960.83,1190362.64,1187796.9,1187796.9
2021/02/02 18:00,1188076.932,1174992.37,1178404,1165698.92,1158745.8,1167603.9,1163784.4
2021/02/02 19:00,1157643.432,1139407.82,1140141.7,1135035.57,1124319.21,1134929,1135025.6
2021/02/02 20:00,1123003.432,1104567.64,1101716.8,1104421.52,1100238.37,1114222.4,1111165.4
2021/02/02 21:00,1090232.932,1073073.11,1071458.9,1071669.85,1067056.09,1076527.5,1076527.5
2021/02/02 22:00,1056485.932,1043060.17,1037280.2,1051486.29,1041478.78,1048027.6,1043263.1
2021/02/02 23:00,1037510.932,1029759.76,1028837.6,1025277.29,1025103.15,1024808.8,1020189.9
2021/02/03 00:00,1004951.432,1010516.36,1001747.9,1006987.21,1001257.2,1005774,1001684.8
2021/02/03 01:00,989637.9321,991979.347,986110.57,987556.073,987556.073,995226.8,983487.2
2021/02/03 02:00,979871.9321,976194.703,974654.24,981068.251,976531.135,980305.8,972218.44
2021/02/03 03:00,971120.9321,973423.402,967480.72,971825.431,966403.164,970818.25,963367
2021/02/03 04:00,973262.9321,972080.172,960523.83,971040.464,965618.197,969358.5,962394.4
2021/02/03 05:00,982085.9321,973325.095,969731.18,975632.327,971095.211,976323.94,966286.94
2021/02/03 06:00,999234.4321,995700.464,990342.33,994057.737,991373.261,1000291.3,988405.06
2021/02/03 07:00,1049556.432,1048079.36,1035694.2,1046434.76,1035545.95,1048593,1033869.8
2021/02/03 08:00,1125951.932,1120108.5,1115924.3,1118148.98,1106052.34,1124174.6,1124174.6
2021/02/03 09:00,1197955.432,1193948.47,1189847.3,1194909.3,1183610.35,1196652.5,1186202.5
2021/02/03 10:00,1245229.932,1238321.44,1236974.6,1234539.08,1227061.75,1238700.9,1238700.9
2021/02/03 11:00,1265610.432,1251133.87,1248320.2,1257470.8,1235299.27,1256380.1,1239986.9
2021/02/03 12:00,1265746.432,1248372.89,1245559.2,1257470.8,1232823.19,1252165.1,1229843
2021/02/03 13:00,1250161.432,1240781.42,1238379.6,1235017.98,1219376.47,1240151.4,1234216
2021/02/03 14:00,1250418.932,1249422.52,1236553.6,1240833.94,1233356.61,1241118.6,1235183.2
2021/02/03 15:00,1245796.432,1235369.71,1234022.9,1235529.4,1219887.9,1236572.4,1233584.6
2021/02/03 16:00,1242635.932,1241608.43,1230830.7,1235017.98,1214624.87,1237614,1209760.1
2021/02/03 17:00,1228213.932,1214993.59,1200597.5,1209142.28,1200601.64,1206273.4,1187927.6
2021/02/03 18:00,1197954.932,1173357.48,1167041.6,1173400.41,1160188.21,1177129.1,1162998.9
2021/02/03 19:00,1165815.432,1152778.37,1142151.6,1149086.94,1142617.53,1155385.1,1137427.2
2021/02/03 20:00,1128493.932,1118581.15,1110388.5,1116547.66,1100290.23,1118687.1,1113183.9
2021/02/03 21:00,1089978.432,1084544.37,1071530.1,1081712.05,1066456.85,1089509.5,1077874.5
2021/02/03 22:00,1057077.932,1056271.82,1046377.3,1056541.48,1048853.32,1052726,1045425.3
2021/02/03 23:00,1032371.432,1031845.34,1029975.2,1028406.47,1021589.75,1030394.75,1025715.3
2021/02/04 00:00,1009537.932,1008826.49,1010166,1008339.97,1008339.97,1005386.7,1005386.7
2021/02/04 01:00,994029.9321,990773.58,993063.3,993636.105,993636.105,991114.2,998126.56
2021/02/04 02:00,984213.4321,977241.59,977241.59,982702.833,982702.833,984096.94,984096.94
2021/02/04 03:00,979280.9321,972943.558,975405.7,976297.337,976297.337,972459.94,972459.94
2021/02/04 04:00,979897.4321,973838.047,973838.05,976297.337,976297.337,971496.4,968141.9
2021/02/04 05:00,985937.9321,983633.119,976471.75,982996.025,980086.631,984620.06,979424.44
2021/02/04 06:00,1004688.932,1002248.22,997436.3,1000208.93,1000208.93,1002927.94,1002927.9
2021/02/04 07:00,1040245.432,1045406.91,1045406.9,1050814.46,1049601.01,1045862.1,1045414.3
2021/02/04 08:00,1107051.932,1126341.64,1122297,1130737.9,1119261.62,1129091.5,1124155.8
2021/02/04 09:00,1178000.432,1199765.87,1199081.8,1193636.28,1190978.29,1198194,1188983.5
2021/02/04 10:00,1225819.932,1252392.96,1238692,1230395.62,1225217,1245613.5,1240115.1
2021/02/04 11:00,1244762.932,1268224.59,1257486,1247704.44,1241427.73,1261347.9,1248756.1
2021/02/04 12:00,1242445.432,1265923.73,1254693.7,1247704.44,1241427.73,1262312.1,1238137.6
2021/02/04 13:00,1230219.932,1251704.74,1238348.8,1230530.65,1225352.02,1250383.4,1244530
2021/02/04 14:00,1235487.932,1250226.73,1250226.7,1230530.65,1230530.65,1245502.9,1243252.4
2021/02/04 15:00,1231953.932,1251817.54,1236878.1,1230530.65,1225352.02,1249581.4,1237503.9
2021/02/04 16:00,1224109.932,1235464.88,1235464.9,1231064.07,1225885.44,1249149,1237071.6
2021/02/04 17:00,1205087.932,1232245.63,1219936.5,1212308.62,1196854.29,1222760.5,1195973
2021/02/04 18:00,1182571.432,1194613.49,1186950.2,1195694.5,1177462.02,1199738,1181916
2021/02/04 19:00,1156836.932,1165202.48,1159371.2,1165011.4,1148841.79,1167354.1,1157779.8
2021/02/04 20:00,1123510.932,1126211.93,1120975.9,1126543.61,1114332.93,1132105.1,1118127.4
2021/02/04 21:00,1095426.432,1091519.86,1088656.8,1088925.54,1084038.85,1093097.8,1093097.8
2021/02/04 22:00,1066034.932,1064665.2,1063100.8,1059441.08,1059441.08,1056347.5,1050433.2
2021/02/04 23:00,1040010.932,1034320.59,1034320.6,1033931.42,1028580.67,1032442.5,1030195
2021/02/05 00:00,1015695.432,1015953.73,1015372.6,1008443.49,1008443.49,1011842.06,1007840.2
2021/02/05 01:00,998822.9321,994355.716,993572.45,999346.871,996154.755,995588.56,994007.2
2021/02/05 02:00,990007.4321,985073.788,978051.44,986858.296,984673.093,983036.7,983036.7
2021/02/05 03:00,981042.4321,975988.977,974448.52,980834.453,978452.048,981259.56,973266.3
2021/02/05 04:00,981269.9321,975704.211,975157.95,981361.442,978452.048,980374.44,971897.94
2021/02/05 05:00,986373.4321,985521.878,982609.24,986646.628,983520.162,989296.3,984139.06
2021/02/05 06:00,994154.9321,1001452.13,995438.33,1004968.44,999238.437,1002750.44,1000539.1
2021/02/05 07:00,1025962.432,1029582.3,1033714.2,1023330.86,1035677.71,1023246.2,1034819.1
2021/02/05 08:00,1074243.932,1064703.63,1072817.3,1074939.25,1080886.35,1070808.5,1080846
2021/02/05 09:00,1133327.932,1117000.36,1121611,1123316.22,1123334.09,1117957.5,1118447.5
2021/02/05 10:00,1173720.932,1147855.77,1159868.6,1161757.49,1162706.53,1148574,1150275.1
2021/02/05 11:00,1186714.932,1162424.63,1170876.2,1175382.27,1175382.27,1162263.4,1171296.5
2021/02/05 12:00,1181250.932,1159467.58,1174801.2,1179318.16,1179318.16,1169665.4,1179784.2
2021/02/05 13:00,1170071.432,1152810.5,1162325.5,1162706.53,1162706.53,1149232.5,1155001.5
2021/02/05 14:00,1169909.932,1156278.73,1165995.4,1161764.4,1161764.4,1161834.5,1167526.6
2021/02/05 15:00,1166637.932,1153843.41,1163358.4,1162706.53,1162706.53,1152097,1157017.4
2021/02/05 16:00,1159977.932,1152125.42,1154502.2,1161025.59,1162706.53,1151907.2,1159665
2021/02/05 17:00,1146372.432,1138314.14,1156999.3,1152872.08,1161891.56,1130113,1146344.8
2021/02/05 18:00,1145946.932,1149908.88,1152731.6,1129206.61,1152229.73,1145600,1145600
2021/02/05 19:00,1131277.432,1140977.74,1142854.8,1134411.71,1141364.82,1138659.4,1152823.5
2021/02/05 20:00,1106400.432,1116484.58,1117050.7,1111412.58,1116252.76,1108761.5,1109031.8
2021/02/05 21:00,1081677.932,1088952.25,1081898.2,1089542.72,1077134.79,1091635.8,1088429
2021/02/05 22:00,1052514.432,1060351.36,1060351.4,1061092.8,1056945.43,1063920.2,1058845.5
2021/02/05 23:00,1037411.432,1033989.72,1032758.7,1035588.08,1035577.02,1032870,1030665.8
2021/02/06 00:00,1014123.932,1013760.26,1013760.3,1009174.66,1005086.45,1013652.4,1010952
2021/02/06 01:00,997761.9321,992233.833,989395.49,999073.66,999073.66,998025.8,994420.56
2021/02/06 02:00,985700.4321,985646.642,983229.45,989212.84,989212.84,987791.2,981636.2
2021/02/06 03:00,978381.9321,977849.399,972886.3,981361.442,981361.442,978814.44,978814.44
2021/02/06 04:00,975305.4321,976596.281,971633.18,981361.442,981361.442,980329.8,980329.8
2021/02/06 05:00,976049.4321,986526.898,985072.67,986646.628,986646.628,986681.56,986574.3
2021/02/06 06:00,982619.4321,994680.456,999686.83,992820.633,999787.742,994843.7,999689.94
2021/02/06 07:00,984953.9321,1008775.2,1012482.6,1008836.97,1006507.49,1012952.06,1011771.2
2021/02/06 08:00,1005803.932,1018283.94,1019893.6,1037345.17,1037345.17,1020241.56,1015094.4
2021/02/06 09:00,1036214.432,1038016.53,1024523.8,1047072.87,1047072.87,1046660.8,1040783.9
2021/02/06 10:00,1060952.432,1073731.44,1061626.3,1079736.62,1075160.23,1072496.2,1056748.5
2021/02/06 11:00,1073723.432,1071500.55,1065465.7,1080079.74,1078456.85,1081064.4,1062897.8
2021/02/06 12:00,1074266.932,1075624.69,1067461.1,1085182.98,1085165.11,1075699.5,1072580.2
2021/02/06 13:00,1069491.932,1075891.42,1066216.7,1078945.97,1074369.59,1080920.4,1063615.9
2021/02/06 14:00,1069147.432,1075176.12,1068559.6,1078945.97,1074369.59,1074093.9,1062182.9
2021/02/06 15:00,1063563.432,1076164.52,1067173.2,1071843,1071843,1072626,1059704.9
2021/02/06 16:00,1061133.432,1067335.71,1061990.7,1069485.16,1069485.16,1060431.5,1055037.8
2021/02/06 17:00,1058402.432,1066302.81,1063494.6,1066463.86,1075626.38,1061365.4,1056101.6
2021/02/06 18:00,1071247.432,1079678.39,1084304.9,1080077.44,1076582.4,1075429,1075429
2021/02/06 19:00,1078909.932,1094274.75,1106768.1,1107249.75,1107585.47,1095448.8,1104723.5
2021/02/06 20:00,1068707.432,1093385.68,1098045.6,1089143.69,1089143.69,1084765.2,1084765.2
2021/02/06 21:00,1051071.432,1069871.28,1073542.5,1070184.89,1072065.64,1072374.6,1078654.4
2021/02/06 22:00,1028825.432,1042336.4,1048823.1,1048543.37,1054285.3,1048224.06,1057406.8
2021/02/06 23:00,1010726.932,1034286.6,1034059,1029082.79,1029082.79,1028837.2,1026246.9
2021/02/07 00:00,998331.9321,1009856.49,1009856.5,1008087.94,1003999.73,1005876.2,1005876.2
2021/02/07 01:00,982958.4321,992295.076,990229.27,992820.633,992820.633,994606.3,994606.3
2021/02/07 02:00,973189.9321,982180.677,982180.68,984850.191,985781.82,980225.06,984868.06
2021/02/07 03:00,967964.4321,970293.365,970293.36,974786.759,975313.749,973110.06,973110.06
2021/02/07 04:00,970004.9321,968763.586,969309.85,969564.288,972473.682,971875.2,974675.2
2021/02/07 05:00,975939.4321,972464.978,983416.61,974461.794,984850.191,974728.06,986825.94
2021/02/07 06:00,996405.9321,984266.544,991619.11,982868.231,991444.786,981224.56,992124.44
2021/02/07 07:00,1052644.932,1017168.02,1020017.8,1008584.26,1016952.85,1016466.8,1020722.2
2021/02/07 08:00,1135514.432,1096693.01,1095231.4,1095528.98,1086978.11,1108474.8,1101055.8
2021/02/07 09:00,1223325.932,1180145.6,1179480.1,1173147.71,1173147.71,1172663.8,1172902.2
2021/02/07 10:00,1272589.932,1241915.63,1243713.9,1231127.17,1230371,1232802.9,1238337.4
2021/02/07 11:00,1286127.932,1277564.23,1277928.4,1250464.26,1246746.24,1258466.4,1258855.4
2021/02/07 12:00,1287783.432,1263069.79,1262280.8,1249700.4,1245982.38,1258793.1,1258793.1
2021/02/07 13:00,1275920.432,1240526.25,1239015.4,1230280.87,1226562.85,1235074.9,1234898.1
2021/02/07 14:00,1280522.432,1240846.72,1239693.6,1230280.87,1226562.85,1233655.6,1233090.1
2021/02/07 15:00,1278005.432,1240775.02,1238195.5,1218411.29,1218411.29,1236539.9,1234509.1
2021/02/07 16:00,1269449.432,1227275.06,1225468.3,1202916.5,1205878.35,1208568.6,1208568.6
2021/02/07 17:00,1245874.932,1182363.97,1182077.5,1183124.61,1177669.73,1191607.2,1192683.8
2021/02/07 18:00,1207930.432,1155565.4,1153735.4,1152325.67,1149389.45,1165646.2,1165080.5
2021/02/07 19:00,1171123.932,1128377.11,1126176.9,1116451.6,1116818.23,1131901.1,1127156.4
2021/02/07 20:00,1129748.432,1097229.74,1098571.6,1081998.48,1089927.32,1095139.4,1096432.4
2021/02/07 21:00,1097611.932,1061919.83,1070884.8,1059273.74,1067737.24,1065001.5,1074982.8
2021/02/07 22:00,1069376.932,1035063.85,1044006.4,1032915.02,1049422.91,1036340.25,1048090.3
2021/02/07 23:00,1048369.932,1012788.12,1027899.9,1011276.92,1022478.73,1012915.94,1026479.1
2021/02/08 00:00,1020237.432,996047.947,1006867.3,997032.618,1003999.73,1001297.75,1002934.9
2021/02/08 01:00,1006195.932,986116.765,991843.92,983226.971,991373.261,981148.44,992625.8
2021/02/08 02:00,994112.9321,979017.936,985234.35,973373.3,984448.156,973143.7,981526.7
2021/02/08 03:00,985193.9321,965373.375,966464.64,966403.164,973980.142,965801.3,970586.2
2021/02/08 04:00,983962.9321,966481.215,966481.21,969773.312,969773.312,966863.44,969116.3
2021/02/08 05:00,992052.4321,975243.774,975194.53,975046.359,975046.359,978370.94,978370.94
2021/02/08 06:00,1009951.432,994327.054,986814.4,993486.5,984911.259,997168.94,985696.06
2021/02/08 07:00,1058131.932,1046007.95,1018676.3,1051158,1015801.85,1048803,1018769.6
2021/02/08 08:00,1135406.932,1131320.69,1107045.9,1134224.64,1104174.58,1131515.5,1115344.5
2021/02/08 09:00,1212687.932,1223179.96,1188301.7,1227051.54,1177381.79,1222887,1171262.5
2021/02/08 10:00,1264232.932,1260453.01,1235528.1,1271447.51,1229588.35,1264056.2,1234697
2021/02/08 11:00,1285231.932,1279279.06,1267924.9,1267870.11,1229106.02,1267176.2,1247543.2
2021/02/08 12:00,1296137.932,1281247,1264992.7,1267870.11,1229106.02,1294413.8,1255253
2021/02/08 13:00,1293916.432,1265105.97,1238513.8,1276834.06,1231105.21,1269957.8,1238546.2
2021/02/08 14:00,1292850.932,1274249.13,1241730.3,1281674.7,1231105.21,1270038.5,1238114.2
2021/02/08 15:00,1291621.432,1247262.8,1229642.8,1272831.62,1216133.84,1264792.2,1232804.2
2021/02/08 16:00,1288462.932,1247353.4,1230937.4,1261825.14,1211492.28,1257484.5,1212670.8
2021/02/08 17:00,1257478.932,1228962.52,1184341.9,1234196.93,1183992.9,1244479,1192697
2021/02/08 18:00,1221799.932,1199119.67,1157317.7,1184043.06,1152386.42,1195531,1162488
2021/02/08 19:00,1185320.932,1175484.9,1144931.8,1162371.56,1117319.57,1164170.2,1132773.8
2021/02/08 20:00,1143840.432,1122396.37,1109575.1,1121763.03,1090007.77,1123323,1104473.2
2021/02/08 21:00,1117291.432,1098184.74,1071919.3,1095283.46,1060570.43,1100283.5,1076190.8
2021/02/08 22:00,1084274.432,1069345.85,1048868.8,1064198.04,1044088.64,1066237.8,1049351.5
2021/02/08 23:00,1054815.432,1042867.17,1019360.1,1043013.41,1018915.5,1045363.9,1019933.9
2021/02/09 00:00,1035693.432,1016993.68,998143,1017479.72,1000658.52,1019341.25,1004199.3
2021/02/09 01:00,1020272.432,1003777.86,989019.97,1003405.39,987863.035,1002758.8,981339.56
2021/02/09 02:00,1007857.432,991429.374,978410.97,992338.981,976531.135,995326.44,976155.56
2021/02/09 03:00,998519.4321,984560.705,967204.88,985223.714,970875.071,983192.8,963384.2
2021/02/09 04:00,998921.9321,981429.809,969494.27,984930.522,975263.983,982354.44,966840.7
2021/02/09 05:00,1001548.432,990968.863,977158.92,990891.609,978685.846,994235.3,977140.44
2021/02/09 06:00,1018227.432,1007733.42,996183.72,1006987.21,996827.982,1004400.3,996235.7
2021/02/09 07:00,1069952.932,1063018.76,1051907.9,1059125.56,1051437.4,1061938,1051595.8
2021/02/09 08:00,1151151.432,1145286.94,1135906.4,1134171.63,1134171.63,1143200.8,1136211.5
2021/02/09 09:00,1219250.432,1217113.44,1226276.8,1207705.55,1223268.31,1207477.9,1223092.1
2021/02/09 10:00,1288287.932,1269755.56,1269755.6,1255765.08,1270757.75,1265226.1,1265226.1
2021/02/09 11:00,1308599.432,1288047.48,1275918.1,1266103.86,1254790.94,1278791.2,1256790.9
2021/02/09 12:00,1304617.932,1298296.83,1277964.2,1287451.61,1254790.94,1298928.8,1298928.8
2021/02/09 13:00,1286149.932,1288783.23,1269372.1,1286532.31,1267511.68,1295211.2,1254991.6
2021/02/09 14:00,1295402.432,1295782.77,1277803.9,1287975.77,1273795.78,1300400.2,1261690.8
2021/02/09 15:00,1292069.932,1299278.18,1263445.1,1289778.37,1270757.75,1297600.2,1257380.6
2021/02/09 16:00,1285748.932,1282513.14,1245396.9,1288178.83,1254165.53,1282942.5,1258825.5
2021/02/09 17:00,1259077.432,1244114.96,1231055.2,1246642.08,1227704.95,1255289,1240181
2021/02/09 18:00,1216764.932,1218188.6,1198312.4,1219447.55,1179724.28,1216360.1,1187568.4
2021/02/09 19:00,1178870.432,1172947.95,1167955.9,1166406.17,1160246.38,1177698.9,1163077.6
2021/02/09 20:00,1140777.932,1138810.84,1128015.9,1135750.26,1120216.68,1141246.8,1124857.5
2021/02/09 21:00,1114899.432,1109676.59,1099866.9,1109594.93,1099477.73,1116839.4,1103970.1
2021/02/09 22:00,1085611.932,1079928.31,1070064.9,1077209.99,1064492.54,1080337.2,1060891.5
2021/02/09 23:00,1065480.432,1052035.47,1047040.5,1052604.41,1043533.97,1051235.8,1045439.9
2021/02/10 00:00,1034939.432,1026710.34,1012867.5,1024302.7,1016603.05,1031030.5,1020409.5
2021/02/10 01:00,1020238.432,1016892.51,1002770.6,1009992.52,994723.604,1016159.8,998474.94
2021/02/10 02:00,1009430.932,1002879.29,990406.01,999787.742,991373.261,1003691.06,995686.2
2021/02/10 03:00,999805.9321,994525.867,984411.79,992820.633,985412.174,996970.2,979624.06
2021/02/10 04:00,997256.4321,997603.994,982086.59,992820.633,985412.174,999551.44,982767.94
2021/02/10 05:00,1000902.932,995701.024,990254.1,994057.737,987371.858,999692.06,995665.7
2021/02/10 06:00,1017254.932,1011490.7,1004101.9,1016667.16,1006987.21,1019525.44,1005288.6
2021/02/10 07:00,1064753.432,1058097.11,1052737.3,1064388.94,1057996.83,1071311,1066416
2021/02/10 08:00,1143771.432,1150884.65,1147626.3,1142214.18,1135139.52,1150695,1137851.5
2021/02/10 09:00,1228988.432,1213465.96,1213466,1213983.91,1197661.34,1220278.5,1210781.4
2021/02/10 10:00,1277612.432,1281926.41,1260995,1274927.6,1252327.56,1283786.1,1266193.4
2021/02/10 11:00,1292200.932,1309176.77,1292269,1300854.42,1255219.13,1308018.1,1272133.9
2021/02/10 12:00,1295953.432,1294633.21,1292716.9,1299481.79,1269381.43,1299922.9,1299922.9
2021/02/10 13:00,1285201.932,1276530.99,1283458.1,1274927.6,1274927.6,1278206.1,1299038.9
2021/02/10 14:00,1286284.932,1287618.37,1287618.4,1292579.91,1274927.6,1299038.9,1305185.1
2021/02/10 15:00,1276822.432,1286197.3,1292539.7,1285412.16,1285412.16,1292516.6,1299038.9
2021/02/10 16:00,1269148.432,1281090.48,1270259.3,1276205.29,1276205.29,1272838.9,1272146.9
2021/02/10 17:00,1238363.432,1254237.82,1245570.1,1252902.32,1234330.57,1263215.9,1263215.9
2021/02/10 18:00,1201108.432,1214338.21,1214338.2,1213015.95,1215724.59,1221393,1221393
2021/02/10 19:00,1168052.932,1177327.03,1176158.5,1170309.88,1164621.87,1180862.2,1177779
2021/02/10 20:00,1130367.932,1138844.1,1138844.1,1134698.66,1134698.66,1137923.2,1137923.2
2021/02/10 21:00,1100914.932,1112765.96,1107663.8,1109372.75,1104173.1,1115147.5,1115147.5
2021/02/10 22:00,1075527.432,1079326.09,1075670.9,1077723.54,1068920.7,1079351,1074942.8
2021/02/10 23:00,1048474.432,1060220.6,1042491.1,1056998.04,1048063.15,1058872.2,1044252.6
2021/02/11 00:00,1034669.932,1031705.7,1026713.5,1026009.7,1018465.89,1028438.7,1026448.1
2021/02/11 01:00,1020234.932,1015722.09,1008474.7,1014449.1,1003999.73,1015961.06,1009189.9
2021/02/11 02:00,1005990.932,1006043.26,998560.36,1001422.32,995692.319,1003356.44,1000610.3
2021/02/11 03:00,996321.4321,1000081.53,994304.21,995193.004,992508.528,999206.8,995700.94
2021/02/11 04:00,992772.4321,995064.602,995064.6,993955.901,992508.528,996827.06,1000332.9
2021/02/11 05:00,994222.4321,999649.059,994415.84,996827.586,995590.483,1000628.56,1000486.9
2021/02/11 06:00,1013446.932,1014473.67,1013957.4,1016770.92,1016770.92,1019797.94,1020593.2
2021/02/11 07:00,1055880.432,1070232.37,1060365.6,1059294.72,1059294.72,1069682.2,1071498
2021/02/11 08:00,1133705.432,1139448.5,1144394.8,1134358.98,1132495.52,1139569.2,1144390
2021/02/11 09:00,1216829.932,1214727.44,1200921.9,1212687.22,1204861.66,1218637.9,1217392.9
2021/02/11 10:00,1270162.932,1274152.35,1275704.8,1276943.83,1276943.83,1270697.1,1272475.9
2021/02/11 11:00,1287497.932,1294800.41,1307322.4,1282731.24,1304923.94,1296419.5,1317558.5
2021/02/11 12:00,1288992.432,1298013.84,1298013.8,1293826.65,1307161.27,1298254.4,1304400.6
2021/02/11 13:00,1278353.432,1284521.98,1275250.2,1277432.67,1270341.38,1277829.9,1274132.9
2021/02/11 14:00,1282475.432,1283619.1,1283619.1,1281173.36,1291657.92,1275905.4,1301997.9
2021/02/11 15:00,1275910.932,1274733.67,1284005.4,1273536.56,1280627.84,1278629.1,1294254.1
2021/02/11 16:00,1271971.432,1266592.14,1270047.4,1256880.63,1268044.81,1268003.4,1270760.1
2021/02/11 17:00,1240650.932,1228101.49,1239883.3,1217648.83,1227299.82,1223620.8,1253256.4
2021/02/11 18:00,1204413.432,1197606.41,1211863.9,1194558.44,1198041.55,1196477.4,1221262.9
2021/02/11 19:00,1170330.432,1169519.54,1172215.9,1164084.45,1167940.79,1170651.8,1180856.8
2021/02/11 20:00,1130625.432,1135849.47,1143699.5,1127897.42,1134795.49,1124291.5,1134848.8
2021/02/11 21:00,1105083.932,1101900.14,1104567,1099146.07,1103329.22,1101352.2,1113826.8
2021/02/11 22:00,1079016.432,1073331.11,1077660.4,1066545.22,1066545.22,1072358.5,1079612
2021/02/11 23:00,1055520.932,1048592.55,1055498.2,1050186.23,1058372.42,1051506.5,1062682.2
2021/02/12 00:00,1037379.932,1033093.67,1032172.6,1028469.08,1023254.75,1029123.75,1026847.8
2021/02/12 01:00,1021764.932,1018539.95,1011292.6,1019976.41,1012707.2,1021581.6,1015226.1
2021/02/12 02:00,1009098.932,1007912.82,1007912.8,1002557.59,996827.586,1003732.2,1001293.9
2021/02/12 03:00,999289.4321,991399.677,994467.5,993955.901,993955.901,996369.56,999875.56
2021/02/12 04:00,992328.4321,988800.602,989122.31,992508.528,992508.528,991237.3,992527.56
2021/02/12 05:00,994794.4321,992518.279,997054.04,995590.483,995590.483,994759.56,998927.7
2021/02/12 06:00,1007316.432,1011042.73,1011042.7,1007493.6,1013680.63,1003824.4,1013218.9
2021/02/12 07:00,1028058.432,1036231.23,1046375,1041131.22,1042734.91,1045277.2,1049824.2
2021/02/12 08:00,1073692.432,1086212.32,1089310.2,1080312.34,1082550.28,1081332.6,1087464.8
2021/02/12 09:00,1140274.432,1130319.46,1129981.5,1144136.91,1137911.9,1123404.8,1123404.8
2021/02/12 10:00,1184933.432,1166620.98,1167402,1168444.89,1168133.58,1159132.5,1159132.5
2021/02/12 11:00,1201176.432,1183168.87,1189508.1,1176121.88,1176121.88,1166157.1,1166908.6
2021/02/12 12:00,1201101.932,1184470.94,1187641,1166465.6,1166465.6,1166406.4,1183079.4
2021/02/12 13:00,1193155.932,1167397.16,1175181.7,1164970.78,1164970.78,1163501.1,1163501.1
2021/02/12 14:00,1200345.932,1169301.3,1169301.3,1164970.78,1164970.78,1164723.9,1164723.9
2021/02/12 15:00,1191166.932,1170482.35,1170482.4,1162667.03,1162667.03,1165104.6,1165104.6
2021/02/12 16:00,1182435.432,1159956.88,1157068.6,1165996.45,1162539.85,1155437.9,1159621.6
2021/02/12 17:00,1170284.932,1146100.93,1145476.1,1160791.35,1153793.91,1154817.5,1147785.8
2021/02/12 18:00,1159293.932,1137286.71,1134490.6,1141381.61,1138270.9,1132185.8,1128436.5
2021/02/12 19:00,1149124.932,1131574.62,1131528.8,1140204.19,1137152.89,1136229.5,1136229.5
2021/02/12 20:00,1124581.432,1112624.17,1119525,1111577.2,1111577.2,1107370.6,1107100.1
2021/02/12 21:00,1103335.932,1088180.08,1083754.5,1088482.72,1085997.3,1088545.6,1083933.9
2021/02/12 22:00,1078992.432,1070910.93,1066678.3,1064318.74,1057359.21,1067859.5,1057973
2021/02/12 23:00,1059252.432,1046216.03,1042000.4,1049983.79,1044187.86,1050565,1047509.4
2021/02/13 00:00,1042370.932,1027914.42,1027686.8,1029082.79,1022104.37,1028531.44,1024226.7
2021/02/13 01:00,1025909.932,1016927.22,1012137,1014845.37,1014845.37,1014557.75,1014557.8
2021/02/13 02:00,1011845.932,1003514.95,1002746.9,1000320.07,994590.063,1001145.2,998415.56
2021/02/13 03:00,1001945.432,993733.954,987595.27,992820.633,991373.261,994510.44,991004.44
2021/02/13 04:00,995459.9321,988365.528,985683.37,991373.261,991373.261,991083.7,990150.44
2021/02/13 05:00,997080.9321,988466.67,987984.04,992820.633,992820.633,990998.06,990576.94
2021/02/13 06:00,997797.9321,1001358.48,1004124.8,998794.385,998794.385,997708.5,996170.9
2021/02/13 07:00,998773.9321,1003519.12,1007003.5,1003716.51,1009782.9,1015955,1022070.6
2021/02/13 08:00,1017568.432,1002755.6,1018683.3,1030861,1030861,999583.44,1000676.8
2021/02/13 09:00,1048310.432,1043437.18,1031286.4,1037040.43,1038690.21,1035913.44,1033141.1
2021/02/13 10:00,1078898.432,1056722.54,1053868,1065300.14,1056044.4,1072202.2,1047424.1
2021/02/13 11:00,1097716.932,1064551.45,1058935.5,1069658,1066881.9,1069468.1,1059041.9
2021/02/13 12:00,1097348.432,1064551.45,1058935.5,1069295.72,1058883,1070393.2,1059804.8
2021/02/13 13:00,1099684.432,1060246.48,1057115,1063992.77,1054737.04,1065112.8,1053113.8
2021/02/13 14:00,1097912.932,1062100.28,1055257,1068362.54,1054737.04,1068610,1054403.8
2021/02/13 15:00,1096751.932,1058681.31,1056959.1,1061466.19,1052210.45,1064882.2,1051865.8
2021/02/13 16:00,1096052.932,1062281.67,1056883.2,1065300.14,1056044.4,1058388.2,1049075
2021/02/13 17:00,1090243.932,1062000.33,1048376.6,1071333.8,1068187.54,1072221.6,1058371
2021/02/13 18:00,1096193.182,1076218.54,1065253.5,1076424.54,1062154.53,1072965.8,1061762.5
2021/02/13 19:00,1097797.932,1093281.68,1075102.3,1093267.99,1081574.14,1095111.9,1081384.9
2021/02/13 20:00,1093827.932,1095237.7,1083822.6,1096778.97,1084598.42,1091991.1,1074276.6
2021/02/13 21:00,1087203.432,1070097.1,1060968.7,1077523.91,1069423.07,1072953.6,1060688.1
2021/02/13 22:00,1069617.932,1061193.39,1053649.1,1059181.88,1054568.11,1056856.2,1043274.6
2021/02/13 23:00,1055969.432,1037139.14,1029186,1042273.7,1039206.74,1033817.2,1031113.1
2021/02/14 00:00,1030281.932,1028050.74,1017935.2,1029109.06,1020366.48,1028602.7,1019127.9
2021/02/14 01:00,1012892.432,1010513.94,1000488.6,1011033.56,1002342.91,1014287.75,998581.25
2021/02/14 02:00,1001572.432,1002988.1,996383.75,1001548.78,991730.568,993386.9,987031.75
2021/02/14 03:00,992397.4321,993163.53,988157.15,991239.674,988555.198,997948.44,993102.2
2021/02/14 04:00,990355.9321,988662.918,984619.48,990002.571,988555.198,989683.2,987559.06
2021/02/14 05:00,999710.9321,991091.002,984985.7,990966.589,989519.216,987101.2,984877.7
2021/02/14 06:00,1019839.432,996811.812,1000151.8,1000118.84,1000118.84,1002883,1002883
2021/02/14 07:00,1067113.432,1031326.79,1033621.8,1014946.5,1017511.3,1032893.5,1043997
2021/02/14 08:00,,,1122752,,1108336.5,,1124071.9
2021/02/14 09:00,,,1218333.3,,1213465.85,,1225610.6
2021/02/14 10:00,,,1282542.1,,1264798.91,,1269065.5
2021/02/14 11:00,,,1303138.1,,1273567.77,,1289751.5
2021/02/14 12:00,,,1308218.3,,1278710.49,,1300354.5
2021/02/14 13:00,,,1288135.9,,1272578.66,,1283525
2021/02/14 14:00,,,1287551.8,,1272578.66,,1292947.5
2021/02/14 15:00,,,1283016.3,,1261837.07,,1286551
2021/02/14 16:00,,,1268748.1,,1262447.05,,1269879.2
2021/02/14 17:00,,,1252973.2,,1239356.99,,1255856.6
2021/02/14 18:00,,,1213336.4,,1207324.66,,1196221.6
2021/02/14 19:00,,,1148434.2,,1153110.33,,1146240
2021/02/14 20:00,,,1116672.9,,1107412.01,,1110720.4
2021/02/14 21:00,,,1090776.1,,1083182.15,,1103953.8
2021/02/14 22:00,,,1065943.8,,1062445.51,,1067011
2021/02/14 23:00,,,1049116.3,,1043569.88,,1047862.3
2021/02/15 00:00,,,1025052.5,,1025546.46,,1029828.9
2021/02/15 01:00,,,1010174.4,,1011125.08,,1012523.6
2021/02/15 02:00,,,995275.92,,998269.721,,996212.75
2021/02/15 03:00,,,988944.16,,992039.128,,998376.56
2021/02/15 04:00,,,988262.92,,988037.725,,987824.44
2021/02/15 05:00,,,991306.53,,991583.843,,989168.06
2021/02/15 06:00,,,1003197.5,,1003140.01,,1004598.6
2021/02/15 07:00,,,1042226.1,,1029492.56,,1039974.5